<?xml version="1.0" encoding="utf-16"?>
<Products>
  <Product>
    <name>TRAMADOL HYDROCHLORIDE</name>
    <price>516.48</price>
    <buyer> </buyer>
  </Product>
  <Product>
    <name>Allopurinol</name>
    <price>518.50</price>
    <buyer>Wallas Duffyn</buyer>
  </Product>
  <Product>
    <name>Parsley</name>
    <price>519.06</price>
    <buyer>Brendin Predohl</buyer>
  </Product>
  <Product>
    <name>equaline</name>
    <price>520.45</price>
    <buyer>Dannie Camellini</buyer>
  </Product>
  <Product>
    <name>Extra Strength Pain Reliever PM</name>
    <price>542.72</price>
    <buyer>Wendel Stannering</buyer>
  </Product>
  <Product>
    <name>Propranolol Hydrochloride</name>
    <price>546.95</price>
    <buyer> </buyer>
  </Product>
  <Product>
    <name>Prednisone</name>
    <price>550.72</price>
    <buyer>Devland Vazquez</buyer>
  </Product>
  <Product>
    <name>TERSI</name>
    <price>554.91</price>
    <buyer>Chrissy Falconbridge</buyer>
  </Product>
  <Product>
    <name>DAYWEAR PLUS MULTI PROTECTION TINTED MOISTURIZER</name>
    <price>555.12</price>
    <buyer>Vinni Capaldo</buyer>
  </Product>
  <Product>
    <name>PLANTAGO LANCEOLATA POLLEN</name>
    <price>561.68</price>
    <buyer>Seymour Greatrex</buyer>
  </Product>
</Products>